<item>
	<title>[COLOR=white]Harry Potter and the Philosopher's Stone[/COLOR]</title>
	<meta>
	<imdb>tt0241527</imdb>
	<content>movie</content>
	<title>Harry Potter and the Philosopher's Stone</title>
	<year>2001</year>
	</meta>
	<link>
	<sublink>https://www.youtube.com/watch?v=PbdM1db3JbY&feature=youtu.be</sublink>
	<sublink>search</sublink>
	<sublink>searchsd</sublink>
	</link>
	<thumbnail>https://image.tmdb.org/t/p/w1280/gHPtCmMeDqjaGqnMrWGDmD3nKd2.jpg</thumbnail>
	<fanart>https://image.tmdb.org/t/p/w1280/hziiv14OpD73u9gAak4XDDfBKa2.jpg</fanart>
</item>
<item>
	<title>[COLOR=white]Harry Potter and the Chamber of Secrets[/COLOR]</title>
	<meta>
	<imdb>tt0295297</imdb>
	<content>movie</content>
	<title>Harry Potter and the Chamber of Secrets</title>
	<year>2002</year>
	</meta>
	<link>
	<sublink>https://www.youtube.com/watch?v=uU-ET1FAv3Y&feature=youtu.be</sublink>
	<sublink>search</sublink>
	<sublink>searchsd</sublink>
	</link>
	<thumbnail>https://image.tmdb.org/t/p/w1280/sdEOH0992YZ0QSxgXNIGLq1ToUi.jpg</thumbnail>
	<fanart>https://image.tmdb.org/t/p/w1280/avqzwKn89VetTEvAlBePt3Us6Al.jpg</fanart>
</item>
<item>
	<title>[COLOR=white]Harry Potter and the Prisoner of Azkaban[/COLOR]</title>
	<meta>
	<imdb>tt0304141</imdb>
	<content>movie</content>
	<title>Harry Potter and the Prisoner of Azkaban</title>
	<year>2004</year>
	</meta>
	<link>
	<sublink>https://www.youtube.com/watch?v=R69laoH02xg&feature=youtu.be</sublink>
	<sublink>search</sublink>
	<sublink>searchsd</sublink>
	</link>
	<thumbnail>https://image.tmdb.org/t/p/w1280/jUFjMoLh8T2CWzHUSjKCojI5SHu.jpg</thumbnail>
	<fanart>https://image.tmdb.org/t/p/w1280/vbk5CfaAHOjQPSAcYm6AoRRz2Af.jpg</fanart>
</item>
<item>
	<title>[COLOR=white]Harry Potter and the Goblet of Fire[/COLOR]</title>
	<meta>
	<imdb>tt0330373</imdb>
	<content>movie</content>
	<title>Harry Potter and the Goblet of Fire</title>
	<year>2005</year>
	</meta>
	<link>
	<sublink>https://www.youtube.com/watch?v=PFWAOnvMd1Q&feature=youtu.be</sublink>
	<sublink>search</sublink>
	<sublink>searchsd</sublink>
	</link>
	<thumbnail>https://image.tmdb.org/t/p/w1280/6sASqcdrEHXxUhA3nFpjrRecPD2.jpg</thumbnail>
	<fanart>https://image.tmdb.org/t/p/w1280/gzKW3emulMxIHzuXxZoyDB1lei9.jpg</fanart>
</item>
<item>
	<title>[COLOR=white]Harry Potter and the Order of the Phoenix[/COLOR]</title>
	<meta>
	<imdb>tt0373889</imdb>
	<content>movie</content>
	<title>Harry Potter and the Order of the Phoenix</title>
	<year>2007</year>
	</meta>
	<link>
	<sublink>https://www.youtube.com/watch?v=WIj9DYJ5EKk&feature=youtu.be</sublink>
	<sublink>search</sublink>
	<sublink>searchsd</sublink>
	</link>
	<thumbnail>https://image.tmdb.org/t/p/w1280/4YnLxYLHhT4UQ8i9jxAXWy46Xuw.jpg</thumbnail>
	<fanart>https://image.tmdb.org/t/p/w1280/gGt4ePOhD8ilxd3FYhKB06L2CyG.jpg</fanart>
</item>
<item>
	<title>[COLOR=white]Harry Potter and the Half-Blood Prince[/COLOR]</title>
	<meta>
	<imdb>tt0417741</imdb>
	<content>movie</content>
	<title>Harry Potter and the Half-Blood Prince</title>
	<year>2009</year>
	</meta>
	<link>
	<sublink>https://www.youtube.com/watch?v=JYLdTuL9Wjw&feature=youtu.be</sublink>
	<sublink>search</sublink>
	<sublink>searchsd</sublink>
	</link>
	<thumbnail>https://image.tmdb.org/t/p/w1280/bFXys2nhALwDvpkF3dP3Vvdfn8b.jpg</thumbnail>
	<fanart>https://image.tmdb.org/t/p/w1280/kRyojLYtWPsBKfDhphhhl1FdM5a.jpg</fanart>
</item>
<item>
	<title>[COLOR=white]Harry Potter and the Deathly Hallows: Part 1[/COLOR]</title>
	<meta>
	<imdb>tt0926084</imdb>
	<content>movie</content>
	<title>Harry Potter and the Deathly Hallows: Part 1</title>
	<year>2010</year>
	</meta>
	<link>
	<sublink>https://www.youtube.com/watch?v=9hXH0Ackz6w&feature=youtu.be</sublink>
	<sublink>search</sublink>
	<sublink>searchsd</sublink>
	</link>
	<thumbnail>https://image.tmdb.org/t/p/w1280/maP4MTfPCeVD2FZbKTLUgriOW4R.jpg</thumbnail>
	<fanart>https://image.tmdb.org/t/p/w1280/8YA36faYlkpfp6aozcGsqq68pZ9.jpg</fanart>
</item>
<item>
	<title>[COLOR=white]Harry Potter and the Deathly Hallows: Part 2[/COLOR]</title>
	<meta>
	<imdb>tt1201607</imdb>
	<content>movie</content>
	<title>Harry Potter and the Deathly Hallows: Part 2</title>
	<year>2011</year>
	</meta>
	<link>
	<sublink>https://www.youtube.com/watch?v=mObK5XD8udk&feature=youtu.be</sublink>
	<sublink>search</sublink>
	<sublink>searchsd</sublink>
	</link>
	<thumbnail>https://image.tmdb.org/t/p/w1280/fTplI1NCSuEDP4ITLcTps739fcC.jpg</thumbnail>
	<fanart>https://image.tmdb.org/t/p/w1280/n5A7brJCjejceZmHyujwUTVgQNC.jpg</fanart>
</item>
