<item>
	<title>[COLOR=white]The Hunger Games[/COLOR]</title>
	<meta>
	<imdb>tt1392170</imdb>
	<content>movie</content>
	<title>The Hunger Games</title>
	<year>2012</year>
	</meta>
	<link>
	<sublink>https://www.youtube.com/watch?v=mfmrPu43DF8&feature=youtu.be</sublink>
	<sublink>search</sublink>
	<sublink>searchsd</sublink>
	</link>
	<thumbnail>https://image.tmdb.org/t/p/w1280/iLJdwmzrHFjFwI5lvYAT1gcpRuA.jpg</thumbnail>
	<fanart>https://image.tmdb.org/t/p/w1280/1LTLrl06uII4w2BTpnQnmWwrKi.jpg</fanart>
</item>
<item>
	<title>[COLOR=white]The Hunger Games: Catching Fire[/COLOR]</title>
	<meta>
	<imdb>tt1951264</imdb>
	<content>movie</content>
	<title>The Hunger Games: Catching Fire</title>
	<year>2013</year>
	</meta>
	<link>
	<sublink>https://www.youtube.com/watch?v=jyPnQw_Lqds&feature=youtu.be</sublink>
	<sublink>search</sublink>
	<sublink>searchsd</sublink>
	</link>
	<thumbnail>https://image.tmdb.org/t/p/w1280/Hn0KgefVEp0GkdTexS6gfKTMfi.jpg</thumbnail>
	<fanart>https://image.tmdb.org/t/p/w1280/sRJjliXA7ZqHCr7HCK0ZB83xxjr.jpg</fanart>
</item>
<item>
	<title>[COLOR=white]The Hunger Games: Mockingjay - Part 1[/COLOR]</title>
	<meta>
	<imdb>tt1951265</imdb>
	<content>movie</content>
	<title>The Hunger Games: Mockingjay - Part 1</title>
	<year>2014</year>
	</meta>
	<link>
	<sublink>https://www.youtube.com/watch?v=C_Tsj_wTJkQ&feature=youtu.be</sublink>
	<sublink>search</sublink>
	<sublink>searchsd</sublink>
	</link>
	<thumbnail>https://image.tmdb.org/t/p/w1280/gj282Pniaa78ZJfbaixyLXnXEDI.jpg</thumbnail>
	<fanart>https://image.tmdb.org/t/p/w1280/4PwyB0ErucIANzW24Kori71J6gU.jpg</fanart>
</item>
<item>
	<title>[COLOR=white]The Hunger Games: Mockingjay - Part 2[/COLOR]</title>
	<meta>
	<imdb>tt1951266</imdb>
	<content>movie</content>
	<title>The Hunger Games: Mockingjay - Part 2</title>
	<year>2015</year>
	</meta>
	<link>
	<sublink>https://www.youtube.com/watch?v=YddkQoxkZMQ&feature=youtu.be</sublink>
	<sublink>search</sublink>
	<sublink>searchsd</sublink>
	</link>
	<thumbnail>https://image.tmdb.org/t/p/w1280/w93GAiq860UjmgR6tU9h2T24vaV.jpg</thumbnail>
	<fanart>https://image.tmdb.org/t/p/w1280/qjn3fzCAHGfl0CzeUlFbjrsmu4c.jpg</fanart>
</item>
