<item>
	<title>[COLOR=white]Raiders of the Lost Ark[/COLOR]</title>
	<meta>
	<imdb>tt0082971</imdb>
	<content>movie</content>
	<title>Raiders of the Lost Ark</title>
	<year>1981</year>
	</meta>
	<link>
	<sublink>https://www.youtube.com/watch?v=X4DOyCPRlx0&feature=youtu.be</sublink>
	<sublink>search</sublink>
	<sublink>searchsd</sublink>
	</link>
	<thumbnail>https://image.tmdb.org/t/p/w1280/44sKJOGP3fTm4QXBcIuqu0RkdP7.jpg</thumbnail>
	<fanart>https://image.tmdb.org/t/p/w1280/dU1CArBM4YsKLfG8YvhtuTJJaGR.jpg</fanart>
</item>
<item>
	<title>[COLOR=white]Indiana Jones and the Temple of Doom[/COLOR]</title>
	<meta>
	<imdb>tt0087469</imdb>
	<content>movie</content>
	<title>Indiana Jones and the Temple of Doom</title>
	<year>1984</year>
	</meta>
	<link>
	<sublink>https://www.youtube.com/watch?v=98Nkqlp_hrg&feature=youtu.be</sublink>
	<sublink>search</sublink>
	<sublink>searchsd</sublink>
	</link>
	<thumbnail>https://image.tmdb.org/t/p/w1280/f2nTRKk2zGdUTE7tLJ5EGGSuKA6.jpg</thumbnail>
	<fanart>https://image.tmdb.org/t/p/w1280/mWuFDpOxXJpPxLM3p8f3w02pBb2.jpg</fanart>
</item>
<item>
	<title>[COLOR=white]Indiana Jones and the Last Crusade[/COLOR]</title>
	<meta>
	<imdb>tt0097576</imdb>
	<content>movie</content>
	<title>Indiana Jones and the Last Crusade</title>
	<year>1989</year>
	</meta>
	<link>
	<sublink>https://www.youtube.com/watch?v=gNXQQbgK_cc&feature=youtu.be</sublink>
	<sublink>search</sublink>
	<sublink>searchsd</sublink>
	</link>
	<thumbnail>https://image.tmdb.org/t/p/w1280/4p1N2Qrt8j0H8xMHMHvtRxv9weZ.jpg</thumbnail>
	<fanart>https://image.tmdb.org/t/p/w1280/vfvVuu1JdnEGcyZUj7VHrhhbeMj.jpg</fanart>
</item>
<item>
	<title>[COLOR=white]Indiana Jones and the Kingdom of the Crystal Skull[/COLOR]</title>
	<meta>
	<imdb>tt0367882</imdb>
	<content>movie</content>
	<title>Indiana Jones and the Kingdom of the Crystal Skull</title>
	<year>2008</year>
	</meta>
	<link>
	<sublink>https://www.youtube.com/watch?v=nMhfESAa4tw&feature=youtu.be</sublink>
	<sublink>search</sublink>
	<sublink>searchsd</sublink>
	</link>
	<thumbnail>https://image.tmdb.org/t/p/w1280/qY1x6v5daMDTr904G3y84WVgpfC.jpg</thumbnail>
	<fanart>https://image.tmdb.org/t/p/w1280/m9vS8UfYd9XZedhO7ifpAznxSOj.jpg</fanart>
</item>
