 <dir>
  <title>[COLOR crimson]*[/COLOR] Genres</title>
  <link>plugin://plugin.video.themoviedb.helper/?info=genres&nextpage=True&type=tv</link>
 </dir>

 <dir>
  <title>[COLOR crimson]*[/COLOR] Networks</title>
  <link>file://tv/networks.xml</link>
</dir>

 <dir>
  <title>[COLOR crimson]*[/COLOR] Popular TV</title>
  <link>plugin://plugin.video.themoviedb.helper/?info=popular&nextpage=True&type=tv</link>
 </dir>

 <dir>
  <title>[COLOR crimson]*[/COLOR] Top Rated</title>
	<link>plugin://plugin.video.themoviedb.helper/?info=top_rated&nextpage=True&type=tv</link>
 </dir>

 <dir>
  <title>[COLOR crimson]*[/COLOR] Trending TV</title>
	<link>plugin://plugin.video.themoviedb.helper/?info=trending_week&nextpage=True&type=tv</link>
 </dir>
 
 <plugin>
	<title>[COLOR gold]*[/COLOR] Search</title>
	<link>plugin://plugin.video.themoviedb.helper/?info=search&nextpage=True&type=tv</link>
	<thumbnail></thumbnail>
 </plugin>
 

  <item>
  <name> </name>
 </item>
 
 <item>
  <name>[COLOR khaki]Video source links are not guaranteed. For best results, use both Real-Debrid and IP Vanish.[/COLOR]</name>
 </item>
 
 <item>
  <name>[COLOR orchid]Please be patient and allow at least 60 seconds for your video to play.[/COLOR]</name>
 </item>