  <dir>
  <title>[B][COLOR gold]*** [/COLOR][COLOR crimson]GENRE[/COLOR][COLOR gold] ***[/COLOR][/B]</title>
  </dir>

<dir>
  <title>[COLOR crimson]*[/COLOR] Action</title>
  <tmdb>genre/movies/28</tmdb>
</dir>

<dir>
  <title>[COLOR crimson]*[/COLOR] Adventure</title>
  <tmdb>genre/movies/12</tmdb>
</dir>

<dir>
  <title>[COLOR crimson]*[/COLOR] Animation</title>
  <tmdb>genre/movies/16</tmdb>
</dir>

<dir>
  <title>[COLOR crimson]*[/COLOR] Comedy</title>
  <tmdb>genre/movies/35</tmdb>
</dir>

<dir>
  <title>[COLOR crimson]*[/COLOR] Crime</title>
  <tmdb>genre/movies/80</tmdb>
</dir>

<dir>
  <title>[COLOR crimson]*[/COLOR] Documentary</title>
  <tmdb>genre/movies/99</tmdb>
</dir>

<dir>
  <title>[COLOR crimson]*[/COLOR] Drama</title>
  <tmdb>genre/movies/18</tmdb>
</dir>

<dir>
  <title>[COLOR crimson]*[/COLOR] Family</title>
  <tmdb>genre/movies/10751</tmdb>
</dir>

<dir>
  <title>[COLOR crimson]*[/COLOR] Fantasy</title>
  <tmdb>genre/movies/14</tmdb>
</dir>

<dir>
  <title>[COLOR crimson]*[/COLOR] History</title>
  <tmdb>genre/movies/36</tmdb>
</dir>

<dir>
  <title>[COLOR crimson]*[/COLOR] Horror</title>
  <tmdb>genre/movies/27</tmdb>
</dir>

<dir>
  <title>[COLOR crimson]*[/COLOR] Music</title>
  <tmdb>genre/movies/10402</tmdb>
</dir>

<dir>
  <title>[COLOR crimson]*[/COLOR] Mystery</title>
  <tmdb>genre/movies/9648</tmdb>
</dir>

<dir>
  <title>[COLOR crimson]*[/COLOR] Romance</title>
  <tmdb>genre/movies/10749</tmdb>
</dir>

<dir>
  <title>[COLOR crimson]*[/COLOR] Science Fiction</title>
  <tmdb>genre/movies/878</tmdb>
</dir>

<dir>
  <title>[COLOR crimson]*[/COLOR] TV Movie</title>
  <tmdb>genre/movies/10770</tmdb>
</dir>

<dir>
  <title>[COLOR crimson]*[/COLOR] Thriller</title>
  <tmdb>genre/movies/53</tmdb>
</dir>

<dir>
  <title>[COLOR crimson]*[/COLOR] War</title>
  <tmdb>genre/movies/10752</tmdb>
</dir>

<dir>
  <title>[COLOR crimson]*[/COLOR] Western</title>
  <tmdb>genre/movies/37</tmdb>
</dir>

