  <dir>
    <title>[COLOR crimson]* [/COLOR]300</title>
    <link>file://collections/300.xml</link>
  </dir>
   <dir>
    <title>[COLOR crimson]* [/COLOR]Back to the Future</title>
    <link>file://collections/back-future.xml</link>
  </dir>
 
  <dir>
    <title>[COLOR crimson]* [/COLOR]The Bourne Collection</title>
    <link>file://collections/bourne.xml</link>
  </dir>
  
   <dir>
    <title>[COLOR crimson]* [/COLOR]Die Hard</title>
    <link>file://collections/die-hard.xml</link>
  </dir>

  <dir>
    <title>[COLOR crimson]* [/COLOR]Divergent</title>
    <link>file://collections/divergent.xml</link>
  </dir>

   <dir>
    <title>[COLOR crimson]* [/COLOR]The Godfather</title>
    <link>file://collections/godfather.xml</link>
  </dir>
  
  <dir>
    <title>[COLOR crimson]* [/COLOR]Harry Potter</title>
    <link>file://collections/harry-potter.xml</link>
  </dir>
 
  <dir>
    <title>[COLOR crimson]* [/COLOR]The Hunger Games</title>
    <link>file://collections/hunger-games.xml</link>
  </dir>
 
  <dir>
    <title>[COLOR crimson]* [/COLOR]Indiana Jones</title>
    <link>file://collections/indiana-jones.xml</link>
  </dir>
 
  <dir>
    <title>[COLOR crimson]* [/COLOR]Jurassic Park</title>
    <link>file://collections/jurassic-park.xml</link>
  </dir>
 
  <dir>
    <title>[COLOR crimson]* [/COLOR]The Mummy</title>
    <link>file://collections/mummy.xml</link>
  </dir>
 
  <dir>
    <title>[COLOR crimson]* [/COLOR]Pirates of the Caribbean</title>
    <link>file://collections/pirates-caribbean.xml</link>
  </dir>
 
  <dir>
    <title>[COLOR crimson]* [/COLOR]Star Wars</title>
    <link>file://collections/star-wars.xml</link>
  </dir>
  
