 <dir>
  <title>[COLOR crimson]*[/COLOR] Movie Collection</title>
  <link>plugin://plugin.video.themoviedb.helper/?info=trakt_colletion&nextpage=True&type=movie</link>
 </dir>

 <dir>
  <title>[COLOR crimson]*[/COLOR] Movie Watchlist</title>
  <link>plugin://plugin.video.themoviedb.helper/?info=trakt_watchlist&nextpage=True&type=movie</link>
 </dir>

 <dir>
  <title>[COLOR crimson]*[/COLOR] TV Show Collection</title>
	<link>plugin://plugin.video.themoviedb.helper/?info=trakt_collection&nextpage=True&type=tv</link>
 </dir>

 <dir>
  <title>[COLOR crimson]*[/COLOR] TV Show Watchlist</title>
	<link>plugin://plugin.video.themoviedb.helper/?info=trakt_watchlist&nextpage=True&type=tv</link>
 </dir>

 <dir>
  <title>[COLOR crimson]*[/COLOR] Next Episodes</title>
	<link>plugin://plugin.video.themoviedb.helper/?info=trakt_nextepisodes&nextpage=True&type=tv</link>
 </dir>

  <plugin>
	<title>[COLOR crimson]*[/COLOR] My Lists</title>
	<link>plugin://plugin.video.themoviedb.helper/?info=trakt_mylists&nextpage=True&type=both</link>
	<thumbnail></thumbnail>
 </plugin>