<?xml version="1.0" encoding="UTF-8" standalone="yes"?>
<addon id="repository.vitadome" name="[B][COLOR gold]VitaDome Repository[/COLOR][/B]" version="2.0" provider-name="vitadome">
    <extension point="xbmc.addon.repository" name="VitaDome Repository">
        <dir>
            <info compressed="false">https://raw.githubusercontent.com/vitadome/zips/master/addons.xml</info>
            <checksum>https://raw.githubusercontent.com/vitadome/zips/master/addons.xml.md5</checksum>
            <datadir zip="true">https://raw.githubusercontent.com/vitadome/zips/master/</datadir>
        </dir>
    </extension>
    <extension point="xbmc.addon.metadata">
        <summary>VitaDome Repository</summary>
        <description>A repository for the VitaDome Experience build.</description>
        <disclaimer></disclaimer>
        <platform>all</platform>
    </extension>
</addon>