  <item>
  <title>[B][COLOR gold]*** [/COLOR][COLOR crimson]GENRE[/COLOR][COLOR gold] ***[/COLOR][/B]</title>
  </item>

<dir>
  <title>[COLOR crimson]*[/COLOR] Action & Adventure</title>
  <tmdb>genre/shows/10759</tmdb>
</dir>

<dir>
  <title>[COLOR crimson]*[/COLOR] Animation</title>
  <tmdb>genre/shows/16</tmdb>
</dir>

<dir>
  <title>[COLOR crimson]*[/COLOR] Comedy</title>
  <tmdb>genre/shows/35</tmdb>
</dir>

<dir>
  <title>[COLOR crimson]*[/COLOR] Crime</title>
  <tmdb>[COLOR crimson]*[/COLOR] genre/shows/80</tmdb>
</dir>

<dir>
  <title>[COLOR crimson]*[/COLOR] Documentary</title>
  <tmdb>genre/shows/99</tmdb>
</dir>

<dir>
  <title>[COLOR crimson]*[/COLOR] Drama</title>
  <tmdb>genre/shows/18</tmdb>
</dir>

<dir>
  <title>[COLOR crimson]*[/COLOR] Family</title>
  <tmdb>genre/shows/10751</tmdb>
</dir>

<dir>
  <title>[COLOR crimson]*[/COLOR] Kids</title>
  <tmdb>genre/shows/10762</tmdb>
</dir>

<dir>
  <title>[COLOR crimson]*[/COLOR] Mystery</title>
  <tmdb>genre/shows/9648</tmdb>
</dir>

<dir>
  <title>[COLOR crimson]*[/COLOR] News</title>
  <tmdb>genre/shows/10763</tmdb>
</dir>

<dir>
  <title>[COLOR crimson]*[/COLOR] Reality</title>
  <tmdb>genre/shows/10764</tmdb>
</dir>

<dir>
  <title>[COLOR crimson]*[/COLOR] Sci-Fi & Fantasy</title>
  <tmdb>genre/shows/10765</tmdb>
</dir>

<dir>
  <title>[COLOR crimson]*[/COLOR] Soap</title>
  <tmdb>genre/shows/10766</tmdb>
</dir>

<dir>
  <title>[COLOR crimson]*[/COLOR] War & Politics</title>
  <tmdb>genre/shows/10768</tmdb>
</dir>

<dir>
  <title>[COLOR crimson]*[/COLOR] Western</title>
  <tmdb>genre/shows/37</tmdb>
</dir>

