<xml>

  <dir>
    <title>[COLOR crimson]*[/COLOR] Movies</title>
    <link>file://movies.xml</link>
  </dir>

	<dir>
    <title>[COLOR crimson]*[/COLOR] TV Shows</title>
    <link>file://tv.xml</link>
  </dir>

    <plugin>
	<title>[COLOR crimson]*[/COLOR] My List [COLOR khaki](Trakt Account Required)[/COLOR]</title>
	<link>plugin://plugin.video.openmeta/my_trakt/lists/trakt_my_lists</link>
	<thumbnail></thumbnail>
  </plugin>

  <dir>
    <title>[COLOR crimson]*[/COLOR] Streaming Services</title>
    <link>file://streaming.xml</link>
  </dir>
  
  <dir>
    <title>[COLOR crimson]*[/COLOR] Collections</title>
    <link>file://collections.xml</link>
  </dir>
  
  <dir>
    <title>[COLOR crimson]*[/COLOR] 24/7</title>
    <link>file://247lists.xml</link>
  </dir>
 
  <dir>
    <title>[COLOR crimson]*[/COLOR] One-Click</title>
    <link>file://oneclick.xml</link>
  </dir>
 
  <dir>
    <title>[COLOR gold]*[/COLOR] Settings [COLOR khaki](Real-Debrid)[/COLOR]</title>
    <link>file://settings_menu.xml</link>
  </dir>

   <plugin>
	<title>[COLOR gold]*[/COLOR] Search</title>
	<link>plugin://plugin.video.openmeta/search/</link>
	<thumbnail></thumbnail>
  </plugin>


 </xml>
