 <dir>
  <title>[COLOR crimson]*[/COLOR] Year</title>
  <link>file://movies/movie-years.xml</link>
 </dir>

 <dir>
  <title>[COLOR crimson]*[/COLOR] Genre</title>
  <link>file://movies/genre_movies.xml</link>
 </dir>

 <dir>
  <title>[COLOR crimson]*[/COLOR] Trending Movies</title>
  <trakt>https://api.trakt.tv/movies/trending</trakt>
 </dir>

 <dir>
  <title>[COLOR crimson]*[/COLOR] Popular Movies</title>
  <trakt>https://api.trakt.tv/movies/popular</trakt>
 </dir>
 
    <plugin>
	<title>[COLOR gold]*[/COLOR] Search</title>
	<link>plugin://plugin.video.openmeta/search/</link>
	<thumbnail></thumbnail>
  </plugin>

  <item>
  <name> </name>
 </item>
 
 <item>
  <name>[COLOR khaki]Video source links are not guaranteed. For best results, use both Real-Debrid and IP Vanish.[/COLOR]</name>
 </item>
 
 <item>
  <name>[COLOR orchid]Please be patient and allow at least 60 seconds for your video to play.[/COLOR]</name>
 </item>