 <item>
 <title>[COLOR crimson]*[/COLOR] Dukes of Hazzard (Test Link)</title>
  <link>https://rg.to/file/10b1d8b240aaa3f9b45551339ee84aa6/Dukes_Of_Hazzard_1x01_One_Armed_Bandits.avi.html</link>
 </name>
</item>

 <item>
  <name> </name>
 </item>

  <item>
  <name>[COLOR cornflowerblue]NEW CONTENT COMING SOON!!![/COLOR] </name>
 </item>
 
 <item>
  <name> </name>
 </item>

 <item>
  <name>[COLOR khaki]Video source links are not guaranteed. For best results, use both Real-Debrid and IP Vanish.[/COLOR]</name>
 </item>
 
 <item>
  <name>[COLOR orchid]Please be patient and allow at least 60 seconds for your video to play.[/COLOR]</name>
 </item>
