<jentemplate>
    <mysettings>
        <plugin>
            <title>[COLOR gold]*[/COLOR][COLOR crimson] GABBA-GOOL:[/COLOR] Customization</title>
            <meta>
                <summary>Open the Settings for the addon on the Customization tab</summary>
            </meta>
            <mysettings>0/0</mysettings>
        </plugin>

        <plugin>
            <title>[COLOR gold]*[/COLOR][COLOR crimson] GABBA-GOOL:[/COLOR] Cache</title>
            <meta>
                <summary>Open the Settings for the addon on the General tab</summary>
            </meta>
            <mysettings>1/0</mysettings>
        </plugin>

        <plugin>
            <title>[COLOR gold]*[/COLOR][COLOR crimson] GABBA-GOOL:[/COLOR] Scraper Setup</title>
            <meta>
                <summary>Open the Settings for the addon on the General tab</summary>
            </meta>
            <mysettings>2/0</mysettings>
        </plugin>

        <plugin>
            <title>[COLOR gold]*[/COLOR][COLOR crimson] GABBA-GOOL:[/COLOR] Resolver Setup</title>
            <meta>
                <summary>Open the Settings for the addon on the Resolvers tab</summary>
            </meta>
            <mysettings>3/0</mysettings>
        </plugin>
        
        <plugin>
            <title>[COLOR gold]*[/COLOR][COLOR crimson] GABBA-GOOL:[/COLOR] API Settings</title>
            <meta>
                <summary>Open the API Settings if you wish to add your own API Keys to Arrakis</summary>
            </meta>
            <mysettings>4/0</mysettings>
        </plugin>

        <plugin>
            <title>[COLOR gold]*[/COLOR][COLOR orchid] REAL-DEBRID:[/COLOR] Re-Authorize (ResolveURL)</title>
            <meta>
                <summary>(Re)Authorize Real-Debrid in the Resolve URL Addon</summary>
            </meta>
            <link>plugin://script.module.resolveurl/?mode=auth_rd</link>
        </plugin>

       <item>
            <title>[COLOR gold]*[/COLOR][COLOR orchid] REAL-DEBRID:[/COLOR] Clear Function Cache (ResolveURL)</title>
            <funccache>resolveurl</funccache>
        </item>
 
    </mysettings>
</jentemplate>