 <dir>
    <title>[COLOR crimson]*[/COLOR] Amazon Prime Video</title>
    <tmdb>network/shows/1024</tmdb>
  </dir>
  
 <dir>
    <title>[COLOR crimson]*[/COLOR] Disney Plus</title>
    <tmdb>network/shows/2739</tmdb>
  </dir>

 <dir>
    <title>[COLOR crimson]*[/COLOR] Hulu</title>
    <tmdb>network/shows/453</tmdb>
  </dir>

  <dir>
    <title>[COLOR crimson]*[/COLOR] Netflix</title>
    <tmdb>network/shows/213</tmdb>
  </dir>

     <plugin>
	<title>[COLOR gold]*[/COLOR] Search</title>
	<link>plugin://plugin.video.openmeta/search/</link>
	<thumbnail></thumbnail>
  </plugin>
