 <dir>
  <title>[COLOR crimson]*[/COLOR] Networks</title>
  <link>file://tv/networks.xml</link>
</dir>

<dir>
  <title>[COLOR crimson]*[/COLOR] Genre</title>
  <link>file://tv/genre_tv.xml</link>
</dir>

<dir>
  <title>[COLOR crimson]*[/COLOR] Trending Shows</title>
  <trakt>https://api.trakt.tv/shows/trending</trakt>
</dir>

<dir>
  <title>[COLOR crimson]*[/COLOR] Popular Shows</title>
  <trakt>https://api.trakt.tv/shows/popular</trakt>
</dir>

    <plugin>
	<title>[COLOR gold]*[/COLOR] Search</title>
	<link>plugin://plugin.video.openmeta/search/</link>
	<thumbnail></thumbnail>
  </plugin>
 

  <item>
  <name> </name>
 </item>
 
 <item>
  <name>[COLOR khaki]Video source links are not guaranteed. For best results, use both Real-Debrid and IP Vanish.[/COLOR]</name>
 </item>
 
 <item>
  <name>[COLOR orchid]Please be patient and allow at least 60 seconds for your video to play.[/COLOR]</name>
 </item>