<item>
	<title>[COLOR=white]300[/COLOR]</title>
	<meta>
	<imdb>tt0416449</imdb>
	<content>movie</content>
	<title>300</title>
	<year>2007</year>
	</meta>
	<link>
	<sublink>https://www.youtube.com/watch?v=UrIbxk7idYA&feature=youtu.be</sublink>
	<sublink>search</sublink>
	<sublink>searchsd</sublink>
	</link>
	<thumbnail>https://image.tmdb.org/t/p/w1280/bYR8O1H1ZlME7Dm9ysfTYZnRDpw.jpg</thumbnail>
	<fanart>https://image.tmdb.org/t/p/w1280/gMzVgnh1nfEaep00EdMBuC6pYRa.jpg</fanart>
</item>
<item>
	<title>[COLOR=white]300: Rise of an Empire[/COLOR]</title>
	<meta>
	<imdb>tt1253863</imdb>
	<content>movie</content>
	<title>300: Rise of an Empire</title>
	<year>2014</year>
	</meta>
	<link>
	<sublink>https://www.youtube.com/watch?v=2zqy21Z29ps&feature=youtu.be</sublink>
	<sublink>search</sublink>
	<sublink>searchsd</sublink>
	</link>
	<thumbnail>https://image.tmdb.org/t/p/w1280/gWQf5j3ZqEfOdW2rIZnkuOOva78.jpg</thumbnail>
	<fanart>https://image.tmdb.org/t/p/w1280/3C4o2ozlFAfCgx5T0mC1XKHoeUM.jpg</fanart>
</item>
