<item>
	<title>[COLOR=white]The Bourne Identity[/COLOR]</title>
	<meta>
	<imdb>tt0258463</imdb>
	<content>movie</content>
	<title>The Bourne Identity</title>
	<year>2002</year>
	</meta>
	<link>
	<sublink>https://www.youtube.com/watch?v=2tqK_3mKQUw&feature=youtu.be</sublink>
	<sublink>search</sublink>
	<sublink>searchsd</sublink>
	</link>
	<thumbnail>https://image.tmdb.org/t/p/w1280/bXQIL36VQdzJ69lcjQR1WQzJqQR.jpg</thumbnail>
	<fanart>https://image.tmdb.org/t/p/w1280/2Fr1vqBiDn8xRJM9elcplzHctTN.jpg</fanart>
</item>
<item>
	<title>[COLOR=white]The Bourne Supremacy[/COLOR]</title>
	<meta>
	<imdb>tt0372183</imdb>
	<content>movie</content>
	<title>The Bourne Supremacy</title>
	<year>2004</year>
	</meta>
	<link>
	<sublink>https://www.youtube.com/watch?v=ofMkaGkyAPw&feature=youtu.be</sublink>
	<sublink>search</sublink>
	<sublink>searchsd</sublink>
	</link>
	<thumbnail>https://image.tmdb.org/t/p/w1280/jXwZgmqOtsqsXuB9oGhocOAegCM.jpg</thumbnail>
	<fanart>https://image.tmdb.org/t/p/w1280/e1svWjxTXMOmdgkVLSPHSfWv90R.jpg</fanart>
</item>
<item>
	<title>[COLOR=white]The Bourne Ultimatum[/COLOR]</title>
	<meta>
	<imdb>tt0440963</imdb>
	<content>movie</content>
	<title>The Bourne Ultimatum</title>
	<year>2007</year>
	</meta>
	<link>
	<sublink>https://www.youtube.com/watch?v=ZT2ZxjUjSo0&feature=youtu.be</sublink>
	<sublink>search</sublink>
	<sublink>searchsd</sublink>
	</link>
	<thumbnail>https://image.tmdb.org/t/p/w1280/fHho6JYYY0nRcETWSoeI19iZsNF.jpg</thumbnail>
	<fanart>https://image.tmdb.org/t/p/w1280/6WpDOqkZFmhNJ0rwuLJiZVKlZi1.jpg</fanart>
</item>
<item>
	<title>[COLOR=white]The Bourne Legacy[/COLOR]</title>
	<meta>
	<imdb>tt1194173</imdb>
	<content>movie</content>
	<title>The Bourne Legacy</title>
	<year>2012</year>
	</meta>
	<link>
	<sublink>https://www.youtube.com/watch?v=43WTCO8-C4w&feature=youtu.be</sublink>
	<sublink>search</sublink>
	<sublink>searchsd</sublink>
	</link>
	<thumbnail>https://image.tmdb.org/t/p/w1280/qIJonjlSzU6LCJklS6CH3p5vLcQ.jpg</thumbnail>
	<fanart>https://image.tmdb.org/t/p/w1280/gCdJYpX1TXGEZrEJl0mMTTpinMh.jpg</fanart>
</item>
<item>
	<title>[COLOR=white]Jason Bourne[/COLOR]</title>
	<meta>
	<imdb>tt4196776</imdb>
	<content>movie</content>
	<title>Jason Bourne</title>
	<year>2016</year>
	</meta>
	<link>
	<sublink>https://www.youtube.com/watch?v=F4gJsKZvqE4&feature=youtu.be</sublink>
	<sublink>search</sublink>
	<sublink>searchsd</sublink>
	</link>
	<thumbnail>https://image.tmdb.org/t/p/w1280/lFSSLTlFozwpaGlO31OoUeirBgQ.jpg</thumbnail>
	<fanart>https://image.tmdb.org/t/p/w1280/dtFiuavnsnl0krJAeSmGAOFAhw2.jpg</fanart>
</item>
