<item>
	<title>[COLOR=white]Divergent[/COLOR]</title>
	<meta>
	<imdb>tt1840309</imdb>
	<content>movie</content>
	<title>Divergent</title>
	<year>2014</year>
	</meta>
	<link>
	<sublink>https://www.youtube.com/watch?v=336qJITnDi0&feature=youtu.be</sublink>
	<sublink>search</sublink>
	<sublink>searchsd</sublink>
	</link>
	<thumbnail>https://image.tmdb.org/t/p/w1280/yTtx2ciqk4XdN1oKhMMDy3f5ue3.jpg</thumbnail>
	<fanart>https://image.tmdb.org/t/p/w1280/g6WT9zxATzTy9NVu2xwbxDAxvjd.jpg</fanart>
</item>
<item>
	<title>[COLOR=white]Insurgent[/COLOR]</title>
	<meta>
	<imdb>tt2908446</imdb>
	<content>movie</content>
	<title>Insurgent</title>
	<year>2015</year>
	</meta>
	<link>
	<sublink>https://www.youtube.com/watch?v=sX9-l0iO5w4&feature=youtu.be</sublink>
	<sublink>search</sublink>
	<sublink>searchsd</sublink>
	</link>
	<thumbnail>https://image.tmdb.org/t/p/w1280/6w1VjTPTjTaA5oNvsAg0y4H6bou.jpg</thumbnail>
	<fanart>https://image.tmdb.org/t/p/w1280/xOKGkKwfK79xjmBd1EiIbPpc71k.jpg</fanart>
</item>
<item>
	<title>[COLOR=white]Allegiant[/COLOR]</title>
	<meta>
	<imdb>tt3410834</imdb>
	<content>movie</content>
	<title>Allegiant</title>
	<year>2016</year>
	</meta>
	<link>
	<sublink>https://www.youtube.com/watch?v=Gvq6cMtT5nA&feature=youtu.be</sublink>
	<sublink>search</sublink>
	<sublink>searchsd</sublink>
	</link>
	<thumbnail>https://image.tmdb.org/t/p/w1280/tSFBh9Ayn5uiwbUK9HvD2lrRgaQ.jpg</thumbnail>
	<fanart>https://image.tmdb.org/t/p/w1280/uAHZoVE4tkUHTVzm03raQYTsarx.jpg</fanart>
</item>
