<item>
	<title>[COLOR=white]The Godfather[/COLOR]</title>
	<meta>
	<imdb>tt0068646</imdb>
	<content>movie</content>
	<title>The Godfather</title>
	<year>1972</year>
	</meta>
	<link>
	<sublink>https://www.youtube.com/watch?v=fBNpSRtfIUA&feature=youtu.be</sublink>
	<sublink>search</sublink>
	<sublink>searchsd</sublink>
	</link>
	<thumbnail>https://image.tmdb.org/t/p/w1280/rPdtLWNsZmAtoZl9PK7S2wE3qiS.jpg</thumbnail>
	<fanart>https://image.tmdb.org/t/p/w1280/6xKCYgH16UuwEGAyroLU6p8HLIn.jpg</fanart>
</item>
<item>
	<title>[COLOR=white]The Godfather: Part II[/COLOR]</title>
	<meta>
	<imdb>tt0071562</imdb>
	<content>movie</content>
	<title>The Godfather: Part II</title>
	<year>1974</year>
	</meta>
	<link>
	<sublink>https://www.youtube.com/watch?v=9O1Iy9od7-A&feature=youtu.be</sublink>
	<sublink>search</sublink>
	<sublink>searchsd</sublink>
	</link>
	<thumbnail>https://image.tmdb.org/t/p/w1280/bVq65huQ8vHDd1a4Z37QtuyEvpA.jpg</thumbnail>
	<fanart>https://image.tmdb.org/t/p/w1280/gLbBRyS7MBrmVUNce91Hmx9vzqI.jpg</fanart>
</item>
<item>
	<title>[COLOR=white]The Godfather: Part III[/COLOR]</title>
	<meta>
	<imdb>tt0099674</imdb>
	<content>movie</content>
	<title>The Godfather: Part III</title>
	<year>1990</year>
	</meta>
	<link>
	<sublink>https://www.youtube.com/watch?v=z8h3LVb8cl8&feature=youtu.be</sublink>
	<sublink>search</sublink>
	<sublink>searchsd</sublink>
	</link>
	<thumbnail>https://image.tmdb.org/t/p/w1280/1hdm3Axw9LjITbApvAXBbqO58zE.jpg</thumbnail>
	<fanart>https://image.tmdb.org/t/p/w1280/dEuqTwwhfvk66jUKQa7bMqM5Cf7.jpg</fanart>
</item>
