<item>
	<title>[COLOR=white]Jurassic Park[/COLOR]</title>
	<meta>
	<imdb>tt0107290</imdb>
	<content>movie</content>
	<title>Jurassic Park</title>
	<year>1993</year>
	</meta>
	<link>
	<sublink>https://www.youtube.com/watch?v=QWBKEmWWL38&feature=youtu.be</sublink>
	<sublink>search</sublink>
	<sublink>searchsd</sublink>
	</link>
	<thumbnail>https://image.tmdb.org/t/p/w1280/c414cDeQ9b6qLPLeKmiJuLDUREJ.jpg</thumbnail>
	<fanart>https://image.tmdb.org/t/p/w1280/8LZ0r7r2SdJIApRvGo2k6CXHq8x.jpg</fanart>
</item>
<item>
	<title>[COLOR=white]The Lost World: Jurassic Park[/COLOR]</title>
	<meta>
	<imdb>tt0119567</imdb>
	<content>movie</content>
	<title>The Lost World: Jurassic Park</title>
	<year>1997</year>
	</meta>
	<link>
	<sublink>https://www.youtube.com/watch?v=vtfwgaHD5_w&feature=youtu.be</sublink>
	<sublink>search</sublink>
	<sublink>searchsd</sublink>
	</link>
	<thumbnail>https://image.tmdb.org/t/p/w1280/u1fXmEQUCI9CjyHCCYOPBSq2DYo.jpg</thumbnail>
	<fanart>https://image.tmdb.org/t/p/w1280/6KOPTlgmEb6MkKYTcDA1QAN6vGJ.jpg</fanart>
</item>
<item>
	<title>[COLOR=white]Jurassic Park III[/COLOR]</title>
	<meta>
	<imdb>tt0163025</imdb>
	<content>movie</content>
	<title>Jurassic Park III</title>
	<year>2001</year>
	</meta>
	<link>
	<sublink>https://www.youtube.com/watch?v=gjIaV6CU0wA&feature=youtu.be</sublink>
	<sublink>search</sublink>
	<sublink>searchsd</sublink>
	</link>
	<thumbnail>https://image.tmdb.org/t/p/w1280/26L7XODsNlxX3VwkfuUnYOslbRF.jpg</thumbnail>
	<fanart>https://image.tmdb.org/t/p/w1280/5tNgurgAzF3teAziqpX83gaA9d1.jpg</fanart>
</item>
<item>
	<title>[COLOR=white]Jurassic World[/COLOR]</title>
	<meta>
	<imdb>tt0369610</imdb>
	<content>movie</content>
	<title>Jurassic World</title>
	<year>2015</year>
	</meta>
	<link>
	<sublink>https://www.youtube.com/watch?v=RFinNxS5KN4&feature=youtu.be</sublink>
	<sublink>search</sublink>
	<sublink>searchsd</sublink>
	</link>
	<thumbnail>https://image.tmdb.org/t/p/w1280/jjBgi2r5cRt36xF6iNUEhzscEcb.jpg</thumbnail>
	<fanart>https://image.tmdb.org/t/p/w1280/t5KONotASgVKq4N19RyhIthWOPG.jpg</fanart>
</item>
<item>
	<title>[COLOR=white]Jurassic World: Fallen Kingdom[/COLOR]</title>
	<meta>
	<imdb>tt4881806</imdb>
	<content>movie</content>
	<title>Jurassic World: Fallen Kingdom</title>
	<year>2018</year>
	</meta>
	<link>
	<sublink>https://www.youtube.com/watch?v=vn9mMeWcgoM&feature=youtu.be</sublink>
	<sublink>search</sublink>
	<sublink>searchsd</sublink>
	</link>
	<thumbnail>https://image.tmdb.org/t/p/w1280/c9XxwwhPHdaImA2f1WEfEsbhaFB.jpg</thumbnail>
	<fanart>https://image.tmdb.org/t/p/w1280/3s9O5af2xWKWR5JzP2iJZpZeQQg.jpg</fanart>
</item>
