<item>
	<title>[COLOR=white]The Mummy: Tomb of the Dragon Emperor[/COLOR]</title>
	<meta>
	<imdb>tt0859163</imdb>
	<content>movie</content>
	<title>The Mummy: Tomb of the Dragon Emperor</title>
	<year>2008</year>
	</meta>
	<link>
	<sublink>https://www.youtube.com/watch?v=ol-U0ibnVD4&feature=youtu.be</sublink>
	<sublink>search</sublink>
	<sublink>searchsd</sublink>
	</link>
	<thumbnail>https://image.tmdb.org/t/p/w1280/53hrZvxiV3HgG6pdhuMeErIc7Hg.jpg</thumbnail>
	<fanart>https://image.tmdb.org/t/p/w1280/caB8JFUigSHdGsdxOxaK4vZtOiN.jpg</fanart>
</item>
<item>
	<title>[COLOR=white]The Mummy Returns[/COLOR]</title>
	<meta>
	<imdb>tt0209163</imdb>
	<content>movie</content>
	<title>The Mummy Returns</title>
	<year>2001</year>
	</meta>
	<link>
	<sublink>https://www.youtube.com/watch?v=ptmLrNpmcBo&feature=youtu.be</sublink>
	<sublink>search</sublink>
	<sublink>searchsd</sublink>
	</link>
	<thumbnail>https://image.tmdb.org/t/p/w1280/hioiYUZVIuYIhagDGhIAjyNEUu0.jpg</thumbnail>
	<fanart>https://image.tmdb.org/t/p/w1280/zlHeYjpHrHLpH4ylN5xYRdr7NlB.jpg</fanart>
</item>
<item>
	<title>[COLOR=white]The Mummy[/COLOR]</title>
	<meta>
	<imdb>tt0120616</imdb>
	<content>movie</content>
	<title>The Mummy</title>
	<year>1999</year>
	</meta>
	<link>
	<sublink>https://www.youtube.com/watch?v=h3ptPtxWJRs&feature=youtu.be</sublink>
	<sublink>search</sublink>
	<sublink>searchsd</sublink>
	</link>
	<thumbnail>https://image.tmdb.org/t/p/w1280/yhIsVvcUm7QxzLfT6HW2wLf5ajY.jpg</thumbnail>
	<fanart>https://image.tmdb.org/t/p/w1280/7rz4sMD7Ku0E4KIqYezxoiSzTMj.jpg</fanart>
</item>
