<item>
	<title>[COLOR=white]Back to the Future[/COLOR]</title>
	<meta>
	<imdb>tt0088763</imdb>
	<content>movie</content>
	<title>Back to the Future</title>
	<year>1985</year>
	</meta>
	<link>
	<sublink>https://www.youtube.com/watch?v=qvsgGtivCgs&feature=youtu.be</sublink>
	<sublink>search</sublink>
	<sublink>searchsd</sublink>
	</link>
	<thumbnail>https://image.tmdb.org/t/p/w1280/pTpxQB1N0waaSc3OSn0e9oc8kx9.jpg</thumbnail>
	<fanart>https://image.tmdb.org/t/p/w1280/x4N74cycZvKu5k3KDERJay4ajR3.jpg</fanart>
</item>
<item>
	<title>[COLOR=white]Back to the Future Part II[/COLOR]</title>
	<meta>
	<imdb>tt0096874</imdb>
	<content>movie</content>
	<title>Back to the Future Part II</title>
	<year>1989</year>
	</meta>
	<link>
	<sublink>https://www.youtube.com/watch?v=MdENmefJRpw&feature=youtu.be</sublink>
	<sublink>search</sublink>
	<sublink>searchsd</sublink>
	</link>
	<thumbnail>https://image.tmdb.org/t/p/w1280/k5dzvCQkXU2CAhLtlj9BHE7xmyK.jpg</thumbnail>
	<fanart>https://image.tmdb.org/t/p/w1280/snLFUFzWUZCdYkAbhZlaGJxiY3I.jpg</fanart>
</item>
<item>
	<title>[COLOR=white]Back to the Future Part III[/COLOR]</title>
	<meta>
	<imdb>tt0099088</imdb>
	<content>movie</content>
	<title>Back to the Future Part III</title>
	<year>1990</year>
	</meta>
	<link>
	<sublink>https://www.youtube.com/watch?v=3C8c3EoEfw4&feature=youtu.be</sublink>
	<sublink>search</sublink>
	<sublink>searchsd</sublink>
	</link>
	<thumbnail>https://image.tmdb.org/t/p/w1280/6DmgPTZYaug7QNDjOhUDWyjOQDl.jpg</thumbnail>
	<fanart>https://image.tmdb.org/t/p/w1280/pP2a4MBQbIeZMbErBWMjxTT5Npb.jpg</fanart>
</item>
