<item>
	<title>[COLOR=white]Die Hard[/COLOR]</title>
	<meta>
	<imdb>tt0095016</imdb>
	<content>movie</content>
	<title>Die Hard</title>
	<year>1988</year>
	</meta>
	<link>
	<sublink>https://www.youtube.com/watch?v=2TQ-pOvI6Xo&feature=youtu.be</sublink>
	<sublink>search</sublink>
	<sublink>searchsd</sublink>
	</link>
	<thumbnail>https://image.tmdb.org/t/p/w1280/fiXHtnQpQiGVkMtyYnEfQ6Gtfx8.jpg</thumbnail>
	<fanart>https://image.tmdb.org/t/p/w1280/eg049B1TJdWuKuyKowNmhZxNToc.jpg</fanart>
</item>
<item>
	<title>[COLOR=white]Die Hard 2[/COLOR]</title>
	<meta>
	<imdb>tt0099423</imdb>
	<content>movie</content>
	<title>Die Hard 2</title>
	<year>1990</year>
	</meta>
	<link>
	<sublink>https://www.youtube.com/watch?v=OyxfXQ4MGLQ&feature=youtu.be</sublink>
	<sublink>search</sublink>
	<sublink>searchsd</sublink>
	</link>
	<thumbnail>https://image.tmdb.org/t/p/w1280/zSgL998DXaljsCmwQuwDM8Ak4rV.jpg</thumbnail>
	<fanart>https://image.tmdb.org/t/p/w1280/fgkgab4Rel0nOI3B3scHeNB4Mn6.jpg</fanart>
</item>
<item>
	<title>[COLOR=white]Die Hard: With a Vengeance[/COLOR]</title>
	<meta>
	<imdb>tt0112864</imdb>
	<content>movie</content>
	<title>Die Hard: With a Vengeance</title>
	<year>1995</year>
	</meta>
	<link>
	<sublink>https://www.youtube.com/watch?v=gQ0uSh2Hgcs&feature=youtu.be</sublink>
	<sublink>search</sublink>
	<sublink>searchsd</sublink>
	</link>
	<thumbnail>https://image.tmdb.org/t/p/w1280/ivpXGcsPZglyYrN65THWSD7JM3q.jpg</thumbnail>
	<fanart>https://image.tmdb.org/t/p/w1280/aJCEQFFXNcfg5YneJzTG15qzxF7.jpg</fanart>
</item>
<item>
	<title>[COLOR=white]Live Free or Die Hard[/COLOR]</title>
	<meta>
	<imdb>tt0337978</imdb>
	<content>movie</content>
	<title>Live Free or Die Hard</title>
	<year>2007</year>
	</meta>
	<link>
	<sublink>https://www.youtube.com/watch?v=86ss__OIscQ&feature=youtu.be</sublink>
	<sublink>search</sublink>
	<sublink>searchsd</sublink>
	</link>
	<thumbnail>https://image.tmdb.org/t/p/w1280/pHWgbaXiQD2nmex7u8Xv6XmhaZS.jpg</thumbnail>
	<fanart>https://image.tmdb.org/t/p/w1280/yo3LesueMprtgjRiIRmjiIrFIKj.jpg</fanart>
</item>
<item>
	<title>[COLOR=white]A Good Day to Die Hard[/COLOR]</title>
	<meta>
	<imdb>tt1606378</imdb>
	<content>movie</content>
	<title>A Good Day to Die Hard</title>
	<year>2013</year>
	</meta>
	<link>
	<sublink>https://www.youtube.com/watch?v=eLu3z4Ikwes&feature=youtu.be</sublink>
	<sublink>search</sublink>
	<sublink>searchsd</sublink>
	</link>
	<thumbnail>https://image.tmdb.org/t/p/w1280/c2SQMd00CCGTiDxGXVqA2J9lmzF.jpg</thumbnail>
	<fanart>https://image.tmdb.org/t/p/w1280/17zArExB7ztm6fjUXZwQWgGMC9f.jpg</fanart>
</item>
