<item>
	<title>[COLOR=white]Pirates of the Caribbean: The Curse of the Black Pearl[/COLOR]</title>
	<meta>
	<imdb>tt0325980</imdb>
	<content>movie</content>
	<title>Pirates of the Caribbean: The Curse of the Black Pearl</title>
	<year>2003</year>
	</meta>
	<link>
	<sublink>https://www.youtube.com/watch?v=naQr0uTrH_s&feature=youtu.be</sublink>
	<sublink>search</sublink>
	<sublink>searchsd</sublink>
	</link>
	<thumbnail>https://image.tmdb.org/t/p/w1280/tkt9xR1kNX5R9rCebASKck44si2.jpg</thumbnail>
	<fanart>https://image.tmdb.org/t/p/w1280/8AUQ7YlJJA9C8kWk8P4YNHIcFDE.jpg</fanart>
</item>
<item>
	<title>[COLOR=white]Pirates of the Caribbean: Dead Man's Chest[/COLOR]</title>
	<meta>
	<imdb>tt0383574</imdb>
	<content>movie</content>
	<title>Pirates of the Caribbean: Dead Man's Chest</title>
	<year>2006</year>
	</meta>
	<link>
	<sublink>https://www.youtube.com/watch?v=elqO-GNfStM&feature=youtu.be</sublink>
	<sublink>search</sublink>
	<sublink>searchsd</sublink>
	</link>
	<thumbnail>https://image.tmdb.org/t/p/w1280/9pSUIBqkr89PdlJ6fNrXwNNbgp.jpg</thumbnail>
	<fanart>https://image.tmdb.org/t/p/w1280/yD3gXOtGmXnbJBPLgqluZU2QF5c.jpg</fanart>
</item>
<item>
	<title>[COLOR=white]Pirates of the Caribbean: At World's End[/COLOR]</title>
	<meta>
	<imdb>tt0449088</imdb>
	<content>movie</content>
	<title>Pirates of the Caribbean: At World's End</title>
	<year>2007</year>
	</meta>
	<link>
	<sublink>https://www.youtube.com/watch?v=HKSZtp_OGHY&feature=youtu.be</sublink>
	<sublink>search</sublink>
	<sublink>searchsd</sublink>
	</link>
	<thumbnail>https://image.tmdb.org/t/p/w1280/bXb00CkHqx7TPchTGG131sWV59y.jpg</thumbnail>
	<fanart>https://image.tmdb.org/t/p/w1280/EDloimImeTz1rFM7YIJ5Dw1mzU.jpg</fanart>
</item>
<item>
	<title>[COLOR=white]Pirates of the Caribbean: On Stranger Tides[/COLOR]</title>
	<meta>
	<imdb>tt1298650</imdb>
	<content>movie</content>
	<title>Pirates of the Caribbean: On Stranger Tides</title>
	<year>2011</year>
	</meta>
	<link>
	<sublink>https://www.youtube.com/watch?v=t5AqJww06bw&feature=youtu.be</sublink>
	<sublink>search</sublink>
	<sublink>searchsd</sublink>
	</link>
	<thumbnail>https://image.tmdb.org/t/p/w1280/wNUDAq5OUMOtxMlz64YaCp7gZma.jpg</thumbnail>
	<fanart>https://image.tmdb.org/t/p/w1280/l7zANdjgTvYqwZUx76Vk0EKpCH5.jpg</fanart>
</item>
<item>
	<title>[COLOR=white]Pirates of the Caribbean: Dead Men Tell No Tales[/COLOR]</title>
	<meta>
	<imdb>tt1790809</imdb>
	<content>movie</content>
	<title>Pirates of the Caribbean: Dead Men Tell No Tales</title>
	<year>2017</year>
	</meta>
	<link>
	<sublink>https://www.youtube.com/watch?v=i3wJjLXjySg&feature=youtu.be</sublink>
	<sublink>search</sublink>
	<sublink>searchsd</sublink>
	</link>
	<thumbnail>https://image.tmdb.org/t/p/w1280/xbpSDU3p7YUGlu9Mr6Egg2Vweto.jpg</thumbnail>
	<fanart>https://image.tmdb.org/t/p/w1280/7C921eWK06n12c1miRXnYoEu5Yv.jpg</fanart>
</item>
