  <dir>
  <title>[COLOR crimson]*[/COLOR] 24/7 Movies</title>
  <arconaitv2>movies</arconaitv2>
 </dir>

 <dir>
  <title>[COLOR crimson]*[/COLOR] 24/7 TV Shows</title>
  <arconaitv2>shows</arconaitv2>
 </dir>

 <dir>
  <title>[COLOR crimson]*[/COLOR] Live TV Channels</title>
  <arconaitv2>cable</arconaitv2>
 </dir>

  <item>
  <name> </name>
 </item>
 
 <item>
  <name>[COLOR khaki]Video source links are not guaranteed. For best results, use both Real-Debrid and IP Vanish.[/COLOR]</name>
 </item>
 
 <item>
  <name>[COLOR orchid]Please be patient and allow at least 60 seconds for your video to play.[/COLOR]</name>
 </item>
