  <item>
  <name>[B][COLOR gold]*** [/COLOR][COLOR crimson]MY LISTS[/COLOR][COLOR gold] ***[/COLOR][/B]</name>
  </item>

	<dir>
      <title>[COLOR crimson]*[/COLOR] My Lists</title>
      <trakt>https://api.trakt.tv/users/me/lists</trakt>
    </dir>

    <dir>
      <title>[COLOR crimson]*[/COLOR] Movie Watchlist</title>
      <trakt>https://api.trakt.tv/sync/watchlist/movies</trakt>
    </dir>

    <dir>
      <title>[COLOR crimson]*[/COLOR] Movie Collection</title>
      <trakt>https://api.trakt.tv/sync/collection/movies</trakt>
    </dir>
	
    <dir>
      <title>[COLOR crimson]*[/COLOR] TV Show Watchlist</title>
      <trakt>https://api.trakt.tv/sync/watchlist/shows</trakt>
    </dir>

    <dir>
      <title>[COLOR crimson]*[/COLOR] TV Show Collection</title>
      <trakt>https://api.trakt.tv/sync/collection/shows</trakt>
    </dir>

  <item>
  <name> </name>
  </item>

  <item>
  <name>[COLOR magenta]* A Trakt account is required to use this feature.[/COLOR]</name>
  </item>

	

