  <dir>
  <title>[B][COLOR gold]*** [/COLOR][COLOR crimson]YEAR[/COLOR][COLOR gold] ***[/COLOR][/B]</title>
  </dir>

  <dir>
    <title>[COLOR crimson]*[/COLOR] 2020 Movies</title>
    <tmdb>year/movies/2020</tmdb>
  </dir>

  <dir>
    <title>[COLOR crimson]*[/COLOR] 2019 Movies</title>
    <tmdb>year/movies/2019</tmdb>
  </dir>

  <dir>
    <title>[COLOR crimson]*[/COLOR] 2018 Movies</title>
    <tmdb>year/movies/2018</tmdb>
  </dir>

  <dir>
    <title>[COLOR crimson]*[/COLOR] 2017 Movies</title>
    <tmdb>year/movies/2017</tmdb>
  </dir>

  <dir>
    <title>[COLOR crimson]*[/COLOR] 2016 Movies</title>
    <tmdb>year/movies/2016</tmdb>
  </dir>

  <dir>
    <title>[COLOR crimson]*[/COLOR] 2015 Movies</title>
    <tmdb>year/movies/2015</tmdb>
  </dir>

  <dir>
    <title>[COLOR crimson]*[/COLOR] 2014 Movies</title>
    <tmdb>year/movies/2014</tmdb>
  </dir>

  <dir>
    <title>[COLOR crimson]*[/COLOR] 2013 Movies</title>
    <tmdb>year/movies/2013</tmdb>
  </dir>

  <dir>
    <title>[COLOR crimson]*[/COLOR] 2012 Movies</title>
    <tmdb>year/movies/2012</tmdb>
  </dir>

  <dir>
    <title>[COLOR crimson]*[/COLOR] 2011 Movies</title>
    <tmdb>year/movies/2011</tmdb>
  </dir>

  <dir>
    <title>[COLOR crimson]*[/COLOR] 2010 Movies</title>
    <tmdb>year/movies/2010</tmdb>
  </dir>

  <dir>
    <title>[COLOR crimson]*[/COLOR] 2009 Movies</title>
    <tmdb>year/movies/2009</tmdb>
  </dir>

  <dir>
    <title>[COLOR crimson]*[/COLOR] 2008 Movies</title>
    <tmdb>year/movies/2008</tmdb>
  </dir>

  <dir>
    <title>[COLOR crimson]*[/COLOR] 2007 Movies</title>
    <tmdb>year/movies/2007</tmdb>
  </dir>

  <dir>
    <title>[COLOR crimson]*[/COLOR] 2006 Movies</title>
    <tmdb>year/movies/2006</tmdb>
  </dir>

  <dir>
    <title>[COLOR crimson]*[/COLOR] 2005 Movies</title>
    <tmdb>year/movies/2005</tmdb>
  </dir>

  <dir>
    <title>[COLOR crimson]*[/COLOR] 2004 Movies</title>
    <tmdb>year/movies/2004</tmdb>
  </dir>

  <dir>
    <title>[COLOR crimson]*[/COLOR] 2003 Movies</title>
    <tmdb>year/movies/2003</tmdb>
  </dir>

  <dir>
    <title>[COLOR crimson]*[/COLOR] 2002 Movies</title>
    <tmdb>year/movies/2002</tmdb>
  </dir>

  <dir>
    <title>[COLOR crimson]*[/COLOR] 2001 Movies</title>
    <tmdb>year/movies/2001</tmdb>
  </dir>

  <dir>
    <title>[COLOR crimson]*[/COLOR] 2000 Movies</title>
    <tmdb>year/movies/2000</tmdb>
  </dir>
  


