﻿<?xml version="1.0" encoding="UTF-8" standalone="yes"?>
<addon id="plugin.video.gabbagool" name="[B][COLOR crimson]GABBA-GOOL[/COLOR][/B]" version="2.3.18" provider-name="[COLOR gold]VitaDome[/COLOR]">
    <requires>
        <import addon="xbmc.python" version="2.19.0" />
        <import addon="script.module.universalscrapers" version="1.0.0" />
        <import addon="script.module.python.koding.aio" version="0.9.6.6" />
        <import addon="script.module.beautifulsoup" version="3.2.1" />
        <import addon="script.module.requests" version="2.9.1" />
        <import addon="script.module.addon.common" version="2.0.0" />
        <import addon="script.module.xmltodict" version="0.9.0" />
        <import addon="script.module.dateutil" />
		<import addon="script.module.feedparser" version="5.1.3"/>
        <!--<import addon="script.module.web-pdb" version="1.0"/>-->
        <import addon="script.module.resolveurl" />
        <!--<import addon="script.module.urlresolver" />-->
    </requires>
    <extension point="xbmc.python.pluginsource" library="default.py">
        <provides>video</provides>
    </extension>
    <extension point="xbmc.service" library="service.py" start="[login|startup]" />
    <extension point="xbmc.addon.metadata">
        <summary lang="en">Movie and TV Shows</summary>
        <description lang="en">Please note that Gabba-Gool is not affiliated with the Kodi Team and/or their software.  This is simply a third-party plugin for use with your current media center. The author is not responsible for the content found using this addon. In addition, the author does not host or own any content found within this addon. Please use at your own discretion.[COLOR green] Powered by: The MovieDB Helper[/COLOR]</description>
        <disclaimer lang="en">The author is not responsible for the use of this addon. The author is not responsible for the content found using this addon. The author does not host or own any content found within this addon.[CR]The author is in no way affiliated with Kodi, Team Kodi, or the XBMC Foundation.[CR]This is a Non-profit resource, organized solely for educational purposes which is protected under the Fair-Use doctrine of the Copyright Act, Specifically section 107, which does promote freedom of expression, by permitting the unlicensed use of copyright-protected works.</disclaimer>
        <platform>all</platform>
        <website/>
        <video_guide></video_guide>
        <reuselanguageinvoker>false</reuselanguageinvoker>
    </extension>
</addon>
