<?xml version="1.0" encoding="UTF-8" standalone="yes"?>
<addon id="plugin.program.vdtv" name="[B][COLOR gold]VitaDome TV Wizard[/COLOR][/B]" version="1.3.0" provider-name="[COLOR white]VitaDome[/COLOR]">
	<requires>
		<import addon="xbmc.python" version="2.1.0"/>
	</requires>
	<extension point="xbmc.python.pluginsource" library="default.py">
        <provides>executable</provides>
	</extension>
	<extension point="xbmc.service" library="startup.py" start="startup" />
	<extension point="xbmc.addon.metadata">
		<summary lang="en">VitaDome TV Wizard</summary>
		<description lang="en">In this wizard you will find the latest VitaDome TV Wizard and Tools.</description>
		<platform>all</platform>
	</extension>
</addon>